tweetid;tweetid-href;tweetername;tweeterhandle;tweetbody;numberoflikes;numberofretweets;timeoftweet
dec-09;https://twitter.com/libcce/status/807304381808963588;Chris Erdmann;@libcce;Celebrating after #DST4L pic.twitter.com/aGpL2ba1lm;8;0;1481311338
dec-09;https://twitter.com/so_inkfeder/status/807289859052371968;Alina Stoicescu;@so_inkfeder;Now to put into practice some #DST4L lessons. Preparing for final Danish West Indies #datasprint and presentation tomorrow @sortediamant.pic.twitter.com/8ME4JPjOAa;4;0;1481307875
dec-09;https://twitter.com/DST4L/status/807285980688433152;DST4L;@DST4L;It`s a wrap for #DST4L 2016! THANKS to the sponsors, speakers & fantastic four for making it happen. Recordings soon http://dst4l.info pic.twitter.com/LKTf0jcrd4;14;6;1481306951
dec-09;https://twitter.com/clauersen/status/807263175183831040;Christian Lauersen;@clauersen;Also tons of kudos to the 40 badass #DST4L participants who makes this community so damn great. Whish I could have been there more #datalibshttps://twitter.com/clauersen/status/807251634959110144 …;5;0;1481301513
dec-09;https://twitter.com/giveawaybrazz/status/807260829439627265;WIN- GALAXY S7 NOW!;@giveawaybrazz;Home after two weeks as AULibrarian Ending by exiting #DST4L;0;0;1481300954
dec-09;https://twitter.com/AnnetteGraae/status/807260672497242112;Annette Graae;@AnnetteGraae;Home after two weeks as @AULibrarian Ending by exiting #DST4L;1;0;1481300917
dec-09;https://twitter.com/AULibrarian/status/807255843263705090;AULibrarian/Jesper;@AULibrarian;Now this #DST4L is coming to an end. I'll be @AnnetteGraae again. Monday @anotherjesper will be the next @AULibrarian Thank you.;6;1;1481299765
dec-09;https://twitter.com/chrbknudsen/status/807254734860124160;Christian Knudsen;@chrbknudsen;Sikke en masse ting vi lærte på #DST4L. Heldigvis må vi ikke installere nogen af programmerne på vores computere, så... pic.twitter.com/l8i7SToXNG;5;1;1481299501
dec-09;https://twitter.com/JEkstroem/status/807252334069895169;JeannetteEkstroem;@JEkstroem;"@clauersen @Ksprbgh @tullemich @Gropanas - its been a pleasure organizing @DST4L 2016 as one part of ""the Fantastic Four"" #DST4L";4;0;1481298929
dec-09;https://twitter.com/clauersen/status/807251634959110144;Christian Lauersen;@clauersen;Another facemelting #DST4L session is coming to an end. Hands up for @JEkstroem @Ksprbgh @tullemich @Gropanas for making it happenpic.twitter.com/R5Ny3TpRP2;8;3;1481298762
dec-09;https://twitter.com/AULibrarian/status/807251598867054592;AULibrarian/Jesper;@AULibrarian;One of our brands are that we are safe spaces. We should guard that brand. #DST4L;2;0;1481298753
dec-09;https://twitter.com/so_inkfeder/status/807251500082823168;Alina Stoicescu;@so_inkfeder;Steve Adler from #IBM: Allow people to bring their own truths to the library... otherwise it's called religion. #DST4L #librarian;4;1;1481298730
dec-09;https://twitter.com/AULibrarian/status/807250996992806912;AULibrarian/Jesper;@AULibrarian;Something encourage ppl to go to the #libraries . How can we make them interact with (the knowledge of) the #librarians #DST4L;0;0;1481298610
dec-09;https://twitter.com/TineJorgensen/status/807249693394792448;Tine Jørgensen;@TineJorgensen;I'm addressing the needs for closing the skill gaps and provide training for librarians @DST4L #DST4L pic.twitter.com/1jx6rTx0kM;9;2;1481298299
dec-09;https://twitter.com/knanton/status/807248985891229697;Knut Anton Bøckman;@knanton;great thanks to organizers of this year’s #dst4l @DST4L Well-tuned program, nice venue and no lack of broken glass :) success !;9;0;1481298130
dec-09;https://twitter.com/JEkstroem/status/807248238084583424;JeannetteEkstroem;@JEkstroem;Must check out the data cooking show http://opendatawatch.com/past-events/the-data-cooking-show/ … libcce @ncsulibraries #DST4L @DataGov just presented this past event;3;0;1481297952
dec-09;https://twitter.com/libcce/status/807248211538825216;Chris Erdmann;@libcce;Steven Adler mentions a project called The Data Cooking Show http://opendatawatch.com/past-events/the-data-cooking-show/ … #DST4L;2;0;1481297946
dec-09;https://twitter.com/libcce/status/807247227542503424;Chris Erdmann;@libcce;Steven Adler says he wants to build immersive environments in libraries like you can find @ncsulibraries https://www.lib.ncsu.edu/events/series/coffee-and-viz … #DST4L;5;3;1481297711
dec-09;https://twitter.com/AULibrarian/status/807246686968020992;AULibrarian/Jesper;@AULibrarian;Next Q should be, How do librarians intermediate online? #DST4L pic.twitter.com/RZmtu8Ewd1;2;0;1481297582
dec-09;https://twitter.com/JEkstroem/status/807246060385169413;JeannetteEkstroem;@JEkstroem;Sorry - forgot #DST4L hashtag https://twitter.com/jekstroem/status/807245871620493312 …;0;0;1481297433
dec-09;https://twitter.com/knanton/status/807243224247107585;Knut Anton Bøckman;@knanton;#dst4l wine-sipping crowd being treated by @DataGov to long line of fake news through history. #trust #opendata #infoliteracy;3;1;1481296757
dec-09;https://twitter.com/tullemich/status/807243025214820353;Michael Svendsen;@tullemich;@DataGov on the #dst4l stage, so fun and interesting already assimilated to Danish #hygge w. a beer in his hand.pic.twitter.com/Jhrm9mfwWO;4;1;1481296709
dec-09;https://twitter.com/AULibrarian/status/807242656933937153;AULibrarian/Jesper;@AULibrarian;Fake news are so pervasive, that we don't even notise  @stevenadler at #DST4L;2;0;1481296621
dec-09;https://twitter.com/so_inkfeder/status/807241691707166724;Alina Stoicescu;@so_inkfeder;Steve Adler from #IBM on the value of open data. #DST4L pic.twitter.com/D1sg8AtxtT;2;0;1481296391
dec-09;https://twitter.com/DST4L/status/807241601969963010;DST4L;@DST4L;".@DataGov at #DST4L: ""Data Value = UTILITY / LATENCY"" data has no value unless it is re-usable without strings attached.";5;3;1481296370
dec-09;https://twitter.com/AULibrarian/status/807241572744122368;AULibrarian/Jesper;@AULibrarian;#DST4L @stevenadlerpic.twitter.com/tOA7TXHqww;0;0;1481296363
dec-09;https://twitter.com/JEkstroem/status/807239984260546561;JeannetteEkstroem;@JEkstroem;The final Keynote with Steven Adler from #IBM at #DST4L about libraries as intermediaries without livestream :(, but wait for recordings :-) pic.twitter.com/gSIvsC9qZV;1;3;1481295984
dec-09;https://twitter.com/chrbknudsen/status/807238885604519936;Christian Knudsen;@chrbknudsen;No reason to get us out of here quick @DataGov - theres still more wine! #DST4L;0;0;1481295722
dec-09;https://twitter.com/knanton/status/807238762002599937;Knut Anton Bøckman;@knanton;last item at #dst4l is Steve Adler, Chief Data Strategist at IBM. Opening Q - what is #opendata ?;1;0;1481295693
dec-09;https://twitter.com/ssundstoel/status/807235511031103488;Shea Sundstøl;@ssundstoel;The end is near. #DST4L pic.twitter.com/gTwOIh5zL1;3;0;1481294918
dec-09;https://twitter.com/so_inkfeder/status/807231096035348481;Alina Stoicescu;@so_inkfeder;I just gloriously failed the scatterplot exercise, guys. #DST4L #whatisthispic.twitter.com/7zd8iTzu32;1;0;1481293865
dec-09;https://twitter.com/AULibrarian/status/807229651567448064;AULibrarian/Jesper;@AULibrarian;Q: How do we preserve ie papers with em edded tableau vis's? @libcce : WE must find out. Insp could be Docker #DST4L;1;0;1481293521
dec-09;https://twitter.com/libcce/status/807229001345495040;Chris Erdmann;@libcce;#dst4l Tableau Earthquake Trend Story Example https://onlinehelp.tableau.com/current/pro/desktop/en-us/story_example.html …;0;0;1481293366
dec-09;https://twitter.com/JEkstroem/status/807227350601650176;JeannetteEkstroem;@JEkstroem;@libcce tell us about the teaching happening on #ncsu about #tableaupublic which is being taught on campus with huge succes #DST4L pic.twitter.com/8nX3rFakYD;1;0;1481292972
dec-09;https://twitter.com/knanton/status/807227056157323264;Knut Anton Bøckman;@knanton;Added #dst4l day and number of tweets :) #tableau You should unfollow me now ;5;1;1481289876
dec-09;https://twitter.com/JEkstroem/status/807226705328959489;JeannetteEkstroem;@JEkstroem;Mapping Canberra Wasp menace via #tableaupublic #DST4L @libccepic.twitter.com/72XPSXeYna;2;0;1481292818
dec-09;https://twitter.com/JEkstroem/status/807226282530447360;JeannetteEkstroem;@JEkstroem;@libcce is placing our learning in a #library context with https://www.authorea.com/users/23/articles/8762/_show_article … as example - an online edited paper #DST4L pic.twitter.com/4GckPf8ZbF;4;1;1481292717
dec-09;https://twitter.com/so_inkfeder/status/807224405839507457;Alina Stoicescu;@so_inkfeder;@knanton Imagine an ad for that... 'give the gift of giving... a visualisation in Tableau' Lovely! #DST4L;0;0;1481292270
dec-09;https://twitter.com/JEkstroem/status/807223977265524736;JeannetteEkstroem;@JEkstroem;I have sort of tuned out now, but not the #DST4L crowd. Still working intense on #tableau this late in the afternoon after 3 info-heavy dayspic.twitter.com/wQ2vT3W2hb;5;2;1481292168
dec-09;https://twitter.com/JEkstroem/status/807222898054365184;JeannetteEkstroem;@JEkstroem;2 hours to TheEnd of great days with #DST4L training & hands on @DTUtweet. Many thxs to http://www.dst4l.info/contributors.html …, trainers,organizers, guests;2;0;1481291911
dec-09;https://twitter.com/knanton/status/807221573484691457;Knut Anton Bøckman;@knanton;I hope all my friends and family want Tableau visualizations for Christmas presents. Bc that’s all I’m doing from now on. #dst4l #craft;8;0;1481291595
dec-09;https://twitter.com/parraguezr/status/807221538449719297;Pedro Parraguez Ruiz;@parraguezr;@jekstroem getting there! ;0;0;1481271715
dec-09;https://twitter.com/clauersen/status/807219120194420736;Christian Lauersen;@clauersen;@knanton wow you are a Tableau wizard! #DST4L #dataviz;0;0;1481291010
dec-09;https://twitter.com/tullemich/status/807217470692098049;Michael Svendsen;@tullemich;@TineJorgensen ser vi formanden senere til en #dst4l snak?;1;0;1481290617
dec-09;https://twitter.com/knanton/status/807217064079400961;Knut Anton Bøckman;@knanton;Only that I could use a google seet as data source in Tableau, @sigfridlundberg. I’m doing small steps here at #dst4l :D;1;0;1481290520
dec-09;https://twitter.com/JEkstroem/status/807216660734152704;JeannetteEkstroem;@JEkstroem;My god - brilliant work @knanton #DST4L;0;0;1481290423
dec-09;https://twitter.com/TineJorgensen/status/807215934591107072;Tine Jørgensen;@TineJorgensen;Godt gået #DST4L - toptrend # i Danmark. Glad for vi støtter op om jeres gode initiativ og ses inden længe! https://twitter.com/geohashtrend/status/807195956257099776 …;5;1;1481290250
dec-09;https://twitter.com/clauersen/status/807215579845292032;Christian Lauersen;@clauersen;The Office Owl and I are getting #DST4L dirty with Tableu in absentia. Good stuff! #datalibspic.twitter.com/7gQQG1qyBN;6;0;1481290166
dec-09;https://twitter.com/tullemich/status/807215400337506304;Michael Svendsen;@tullemich;@knanton what is your dimensions and measures? no. of tweets according to size in #dataviz? #dst4l;0;0;1481290123
dec-09;https://twitter.com/knanton/status/807214364101058560;Knut Anton Bøckman;@knanton;#dst4l tweets in Tableau visualization :) pic.twitter.com/qs3rSXAJX3;9;2;1481289876
dec-09;https://twitter.com/DenmarkTrending/status/807206305056309249;TrendsinDenmark;@DenmarkTrending;#dst4l is Trending top 10 now in Denmark. Visit http://hashgurus.com/image.aspx?q=%23dst4l … for popular trendspic.twitter.com/3OATYZdXRx;0;0;1481287954
dec-09;https://twitter.com/chrbknudsen/status/807204813628993538;Christian Knudsen;@chrbknudsen;Maybe we need a sorting hat for #Tableau #dst4l pic.twitter.com/b3DO7ZFMqe;2;1;1481287599
dec-09;https://twitter.com/chrbknudsen/status/807203209525739520;Christian Knudsen;@chrbknudsen;And the tweets disappeared again - this is not easy #Tableau #dst4l;1;2;1481287216
dec-09;https://twitter.com/tullemich/status/807197551770435585;Michael Svendsen;@tullemich;Stavris Solo from IVA @koebenhavns_uni on important @tableau terminology ahead of #dst4l diving into #datavizpic.twitter.com/qiaQi7wW87;3;0;1481285868
dec-09;https://twitter.com/GeoHashTrend/status/807195956257099776;Geo # Trend;@GeoHashTrend;Top Trends Denmark-Dec09 13:00 CET Den Korte Avis #efa2016 Europol-aftale #dkøko #politidk #dst4l Middelhavet http://www.geohashtrend.com?cc=DKgeohashtrend.com/?cc=DK ;0;0;1481285487
dec-09;https://twitter.com/DST4L/status/807195897486594048;DST4L;@DST4L;After lunch & learning to webscrape a brief intro to #dataviz #tableau w/Stavris Solo, check http://www.ustream.tv/channel/dtu-library … #DST4L - soon hands on;1;0;1481285473
dec-09;https://twitter.com/JEkstroem/status/807195897465602048;JeannetteEkstroem;@JEkstroem;After lunch & learning to webscrape a brief intro to #dataviz #tableau w/Stavris Solo, check http://www.ustream.tv/channel/dtu-library … #DST4L - soon hands on;0;1;1481285473
dec-09;https://twitter.com/knanton/status/807193626598051840;Knut Anton Bøckman;@knanton;next Stavris Solo from Copenhagen Uni will take us through using Tableau for data visualizations #dst4l;1;0;1481284932
dec-09;https://twitter.com/ssundstoel/status/807188174258765824;Shea Sundstøl;@ssundstoel;#protip: these chairs are MUCH better with a cushion. #DST4L #gettingoldpic.twitter.com/LB2fGReTAF;2;0;1481283632
dec-08;https://twitter.com/chrbknudsen/status/807174112305119232;Christian Knudsen;@chrbknudsen;And note what this exercise does with your impression statistics in Twitter. #dst4l;0;0;1481280279
dec-08;https://twitter.com/knanton/status/807171774295195648;Knut Anton Bøckman;@knanton;first target of web scraping tweets: get the ID (from timestamp);1;0;1481279722
dec-08;https://twitter.com/so_inkfeder/status/807169173315088385;Alina Stoicescu;@so_inkfeder;Hello #DST4L pic.twitter.com/eAyWCVKNwV;1;0;1481279102
dec-08;https://twitter.com/knanton/status/807169003982557184;Knut Anton Bøckman;@knanton;for #dst4l scraping @RebekahKTromble using the Web Scraper chrome extension http://webscraper.io/ https://twitter.com/knanton/status/807167257147244544 …;3;0;1481279061
dec-08;https://twitter.com/knanton/status/807167257147244544;Knut Anton Bøckman;@knanton;#dst4l @RebekahKTromble moves on to show data collection with screen scraping tools. Note: many sites prohibit this, including twitter;2;0;1481278645
dec-08;https://twitter.com/chrbknudsen/status/807166965336915968;Christian Knudsen;@chrbknudsen;Dont do this. This is how you do it. Now lets try it. This engineer loves it! #dst4l pic.twitter.com/pSrgoaHDJs;2;0;1481278575
dec-08;https://twitter.com/knanton/status/807166827910623232;Knut Anton Bøckman;@knanton;now @RebekahKTromble recounts even more limitations/uncertainties on collecting data from Facebook, Reddit, Snapchat, WayBackMachine #dst4l;1;0;1481278542
dec-08;https://twitter.com/JEkstroem/status/807165788650086401;JeannetteEkstroem;@JEkstroem;The forum @dffuflipd will plan and organize the next #CK conf in DK 2018 with #medialiteracy #dataliteracy #infoliteracy as theme #DST4L https://twitter.com/aulibrarian/status/807164209901555712 …;6;0;1481278295
dec-08;https://twitter.com/knanton/status/807165053057245184;Knut Anton Bøckman;@knanton;adding the #dst4l to this answer re @altmetrichttps://twitter.com/Stew/status/807163988131938305 …;2;2;1481278119
dec-08;https://twitter.com/AULibrarian/status/807163604176961536;AULibrarian/Jesper;@AULibrarian;Q to @RebekahKTromble about the implication on the use of #altmetrics #DST4L;1;0;1481277774
dec-08;https://twitter.com/JEkstroem/status/807163524778692608;JeannetteEkstroem;@JEkstroem;You need the breaks :) COFFEE equals BREAKS & Networking #DST4L https://twitter.com/Ksprbgh/status/807162616221208576 …;2;0;1481277755
dec-08;https://twitter.com/Ksprbgh/status/807162616221208576;Kasper Bøgh;@Ksprbgh;So much coffee is being consumed at #DST4L. It would appear that Data Science requires heavy consumption of narcotics pic.twitter.com/1UOIqQGP8Q;9;0;1481277538
dec-08;https://twitter.com/emmbu07/status/807162098061111298;Emma Burman;@emmbu07;Day 3 at #dst4l . It has been interesting days and I will bring some ideas home! Home - now I'm looking forward to meet my family tonight! pic.twitter.com/RwKh0O046s;2;0;1481277415
dec-08;https://twitter.com/libcce/status/807161714382950400;Chris Erdmann;@libcce;.@altmetric what third party data provider do you use for Twitter data? #DST4L;2;0;1481277323
dec-08;https://twitter.com/knanton/status/807161450196332545;Knut Anton Bøckman;@knanton;@xmacex focus been on limits/bias of public APIs (+archive) provision of data compared to full twitter population. #dst4l @RebekahKTromble;0;0;1481277260
dec-08;https://twitter.com/xmacex/status/807160736283848704;Mace Ojala  ??;@xmacex;"@knanton @RebekahKTromble nice! Is she presenting bias compared truly random sample, or something outside Twitter? What's ""ground""? #dst4l";0;0;1481277090
dec-08;https://twitter.com/knanton/status/807160523586498560;Knut Anton Bøckman;@knanton;Not least, says @RebekahKTromble, bc we actually have acces (albeit limited/biased) to these data. (96-98% public). @xmacex #dst4l;1;0;1481277039
dec-08;https://twitter.com/xmacex/status/807159717680283648;Mace Ojala  ??;@xmacex;@knanton @RebekahKTromble I say convenience;1;0;1481271777
dec-08;https://twitter.com/xmacex/status/807158134791929856;Mace Ojala  ??;@xmacex;@knanton @RebekahKTromble Can be challenged, what social media companies say is what they think out to happen, not what will happen #dst4l;0;0;1481276470
dec-08;https://twitter.com/JEkstroem/status/807156731256209408;JeannetteEkstroem;@JEkstroem;& 2 days ago @j_w_baker trained #DST4L participants similar data skills @DTUtweet Library with @thomasgpadilla. 4 great hours with hands onhttps://twitter.com/LibCarpentry/status/803533522417963008 …;2;0;1481276135
dec-08;https://twitter.com/chrbknudsen/status/807155773079953410;Christian Knudsen;@chrbknudsen;Pyrosulphate melts have no right to be forgotten. #dst4l;0;0;1481275907
dec-08;https://twitter.com/chrbknudsen/status/807153432561876992;Christian Knudsen;@chrbknudsen;#bigdata #dst4l pic.twitter.com/tDjr5vpcxN;1;0;1481275349
dec-08;https://twitter.com/knanton/status/807150919989202944;Knut Anton Bøckman;@knanton;twitter prohibits sharing of data twitter sets even for research review process. @RebekahKTromble One more limitation on tw data :( #dst4l;1;3;1481274750
dec-08;https://twitter.com/JEkstroem/status/807149619121635328;JeannetteEkstroem;@JEkstroem;we definitely do. And some of the tools and methods presented during the last hour looks really useful and fun to digg deeper into #DST4L https://twitter.com/AULibrarian/status/807148050779095040 …;2;1;1481274439
dec-08;https://twitter.com/knanton/status/807149025505972224;Knut Anton Bøckman;@knanton;some result of @RebekahKTromble regression analysis of twitter API mechanisms - (rich) content matters a lot, persons less so #dst4l;1;0;1481274298
dec-08;https://twitter.com/AULibrarian/status/807148050779095040;AULibrarian/Jesper;@AULibrarian;. @RebekahKTromble Librarians ought to be able to dive into a dialogue with researchers about theese issues #DST4L;0;0;1481274066
dec-08;https://twitter.com/Ksprbgh/status/807148015974658049;Kasper Bøgh;@Ksprbgh;A #DST4L power coupple: @libcce and @OAforClimate analyzing, commenting (and getting #coffee)pic.twitter.com/hm0fMo7jKq;4;2;1481274057
dec-08;https://twitter.com/knanton/status/807147635098419200;Knut Anton Bøckman;@knanton;great work by @RebekahKTromble trying to reverse engineer bias introduced to twitter data sets by public API limitations. #dst4l;0;0;1481273966
dec-08;https://twitter.com/knanton/status/807146916832301056;Knut Anton Bøckman;@knanton;research by @RebekahKTromble shows public twitter APIs (streaming, Search/Rest) fall srsly behind costly firehose API, giving bias. #dst4l;1;0;1481273795
dec-08;https://twitter.com/AULibrarian/status/807146563499884544;AULibrarian/Jesper;@AULibrarian;@RebekahKTromble talk about issues of capturing tweets, using available tools. #DST4L pic.twitter.com/WH8i6bgy24;0;0;1481273711
dec-08;https://twitter.com/libcce/status/807144405861810176;Chris Erdmann;@libcce;#dst4l PolitWoops deleted tweets from politicians http://politwoops.sunlightfoundation.com ;1;0;1481273197
dec-08;https://twitter.com/knanton/status/807144323036966912;Knut Anton Bøckman;@knanton;serious limitation of twitter archive database: deleted tweets (many reasons) are removed. (+ users req’d to, too) #dst4l @RebekahKTromble;1;0;1481273177
dec-08;https://twitter.com/libcce/status/807143355775877120;Chris Erdmann;@libcce;#DST4L Means of collecting Twitter data @RebekahKTromblepic.twitter.com/gFSOLx8Y2a;1;0;1481272946
dec-08;https://twitter.com/knanton/status/807143213031129088;Knut Anton Bøckman;@knanton;let’s see if the #dst4l tag breaks the 18,000 tweets limit for this week ;0;0;1481272912
dec-08;https://twitter.com/tullemich/status/807142541548199936;Michael Svendsen;@tullemich;"you're so #dst4l meta! @knanton: ""your branch is ahead of master by one commit"" ";1;0;1481272186
dec-08;https://twitter.com/JEkstroem/status/807142348429922304;JeannetteEkstroem;@JEkstroem;TCAT can be viewed and explored at https://wiki.digitalmethods.net/Dmi/ToolDmiTcat  - and they too use #github as repo - @tullemich @RebekahKTromble #dst4l;3;1;1481272706
dec-08;https://twitter.com/knanton/status/807142306205859840;Knut Anton Bøckman;@knanton;super helpful walkthrough of twitter APIs and their limitations by @RebekahKTromble #dst4l;2;0;1481272696
dec-08;https://twitter.com/knanton/status/807140167786106880;Knut Anton Bøckman;@knanton;#dst4l twitter data from public search API with the help of @mhawksey’s TAGS: https://docs.google.com/spreadsheets/d/1PQyI2LB5XHnd2Fdh3TTv6a90g1w3K62T8dFF9z1CjEg/edit#gid=400689247 … @RebekahKTromble about limitations;3;3;1481272186
dec-08;https://twitter.com/chrbknudsen/status/807139533074694144;Christian Knudsen;@chrbknudsen;Twitter Firehose is cost-prohibitive. ~4000 USD/m. Not much compared to our Elsevier subscriptions. Should we buy it? #dst4l;1;0;1481272035
dec-08;https://twitter.com/JEkstroem/status/807138874224951296;JeannetteEkstroem;@JEkstroem;@parraguezr - I will forward your slides to the #DST4L ppl later. Sorry than you cannot attend today - we will miss you;1;0;1481271878
dec-08;https://twitter.com/knanton/status/807138451644674048;Knut Anton Bøckman;@knanton;#dst4l @RebekahKTromble asks why so much focus on twitter data, when facebook, instagram much more popular. Certainly very true for DK.;1;0;1481271777
dec-08;https://twitter.com/chrbknudsen/status/807138396636413952;Christian Knudsen;@chrbknudsen;Keypoint: Twitter is not the most popular SoMe. But: These are the data we can get our hands on. Not necessarily the right data #dst4l;1;0;1481271764
dec-08;https://twitter.com/parraguezr/status/807138193091022849;Pedro Parraguez Ruiz;@parraguezr;@JEkstroem Hi! Hope all is going well at #DST4L. Unfortunately won’t be able to be there today. I sent you an email with info to FW though!;0;0;1481271715
dec-08;https://twitter.com/knanton/status/807137770196107264;Knut Anton Bøckman;@knanton;#dst4l Now @RebekahKTromble, Leiden Uni, critical view of digital data collections & bias. What are you getting? What do your tools do?;1;0;1481271614
dec-08;https://twitter.com/chrbknudsen/status/807137694648332288;Christian Knudsen;@chrbknudsen;People are data - data are people. Not quite sure how that applies to crystallographic data #dst4l;1;0;1481271596
dec-08;https://twitter.com/chrbknudsen/status/807137420370214913;Christian Knudsen;@chrbknudsen;Collection & analysis of data require a thorough understanding of the data, source, content, context, selection, bias etc. #dst4l;0;1;1481271531
dec-08;https://twitter.com/tullemich/status/807137330201001985;Michael Svendsen;@tullemich;@RebekahKTromble @UniLeidenNews on stage takes us into techniques of #webscraping of #twitter for collecting #some #data - watch out #dst4l;0;0;1481271510
dec-08;https://twitter.com/DST4L/status/807137090744025088;DST4L;@DST4L;"#DST4L training ""Scraping data from social media platforms"" by @rebekahktromble join the LiveStreamhttp://www.ustream.tv/channel/17199321 …";1;1;1481271452
dec-08;https://twitter.com/DST4L/status/807136546403008513;DST4L;@DST4L;"#dst4l with @RebekahKTromble - ""Thinking critically about digital data collection"" from Twitter and beyond. ""Throwing cold water on Big Data";6;1;1481271323
dec-08;https://twitter.com/JEkstroem/status/807136546163986432;JeannetteEkstroem;@JEkstroem;"#dst4l with @RebekahKTromble - ""Thinking critically about digital data collection"" from Twitter and beyond. ""Throwing cold water on Big Data";0;0;1481271323
dec-08;https://twitter.com/chrbknudsen/status/807136161449832448;Christian Knudsen;@chrbknudsen;Cold water on less than sceptical use of social data. @RebekahKTromble #dst4l;1;0;1481271231
dec-08;https://twitter.com/tullemich/status/807136011427991552;Michael Svendsen;@tullemich;@libcce on using #github f. running #peerreview + #opendata ± #opensource software https://github.com/openjournals/joss … + http://joss.theoj.org/  #dst4l;2;0;1481271195
dec-08;https://twitter.com/so_inkfeder/status/806930943399366656;Alina Stoicescu;@so_inkfeder;Also #scienceshow @DTUtweet . ( #toldyouwearefine) #DST4L pic.twitter.com/y8C2ZtQNPb;4;1;1481222303
dec-08;https://twitter.com/GeoHashTrend/status/806922673485967360;Geo # Trend;@GeoHashTrend;Top Trends Denmark-Dec08 18:54 CET Europol #cldk #together4health #sundpol16 #EconomicOutlook #dst4l Leicester http://www.geohashtrend.com?cc=DKgeohashtrend.com/?cc=DK ;0;0;1481220331
dec-08;https://twitter.com/JEkstroem/status/806921278074523648;JeannetteEkstroem;@JEkstroem;The Best ending of a great #github #trainingday with #dtuscienceshow - chemistry, physics, #csi_tricks and humour #dst4l pic.twitter.com/nnkC507Ue4;4;0;1481219999
dec-08;https://twitter.com/so_inkfeder/status/806916905827176449;Alina Stoicescu;@so_inkfeder;#DST4L #scienceshow @DTUtweet We're fine, everyone. Promise.pic.twitter.com/c0mSNevYOD;3;0;1481218956
dec-08;https://twitter.com/tullemich/status/806914541774917632;Michael Svendsen;@tullemich;#Dst4l ready for @DTUtweet #science show talking about security. Why are we not wearing glasset..? :-/ pic.twitter.com/yIvOChfPEe;1;0;1481218393
dec-08;https://twitter.com/DenmarkTrending/status/806904317710045184;TrendsinDenmark;@DenmarkTrending;#dst4l is now trending TOP in your area. More details http://hashgurus.com/Place/Denmark pic.twitter.com/0p9i6ymdSt;0;0;1481215955
dec-08;https://twitter.com/AULibrarian/status/806892476158136322;AULibrarian/Jesper;@AULibrarian;@libcce recomends http://programminghistorian.org/  #tutorials #DST4L Talking about how to implements theese tools in the daily worklife;3;1;1481213132
dec-08;https://twitter.com/AULibrarian/status/806877335584735232;AULibrarian/Jesper;@AULibrarian;"@jankrag : ""now we'll slowly merge into a break thingy "" #DST4L";0;0;1481209522
dec-08;https://twitter.com/JanneSimonsen/status/806875201388457985;Janne LytoftSimonsen;@JanneSimonsen;Making webpages using #github together with @AnnetteGraae @jsprsaurus! This is my first! I'm #proud We are having fun at #DST4L ! pic.twitter.com/5IibJFCodR;7;1;1481209013
dec-08;https://twitter.com/GeoHashTrend/status/806859638557835265;Geo # Trend;@GeoHashTrend;Top Trends Denmark-Dec08 14:39 CET Europol #cldk #together4health #sundpol16 #EconomicOutlook #dst4l Middelhavet http://www.geohashtrend.com?cc=DKgeohashtrend.com/?cc=DK ;0;0;1481205303
dec-08;https://twitter.com/DST4L/status/806859410513469440;DST4L;@DST4L;For all outside of @dtutweet that wants to follow training at #dst4l on #github - please join https://services.github.com/on-demand/github-desktop/ …;5;4;1481205248
dec-08;https://twitter.com/JEkstroem/status/806859410450579456;JeannetteEkstroem;@JEkstroem;For all outside of @dtutweet that wants to follow training at #dst4l on #github - please join https://services.github.com/on-demand/github-desktop/ …;0;0;1481205248
dec-08;https://twitter.com/clauersen/status/806856774225719296;Christian Lauersen;@clauersen;@Helen_Jess Yeah the #DST4L sessions are such a valuable and badass platform to build skills and awareness of this in librarianship;1;0;1481204620
dec-08;https://twitter.com/clauersen/status/806852220130103297;Christian Lauersen;@clauersen;Seems very appropriate with an airplane over the #DST4L mosh pit coz this session is flying damn high #librarylife #datalibshttps://twitter.com/AULibrarian/status/806818160263438336 …;6;1;1481203534
dec-08;https://twitter.com/AULibrarian/status/806852155709726721;AULibrarian/Jesper;@AULibrarian;GitHub seems soooo cool. What's the catch?? #DST4L;2;0;1481203519
dec-08;https://twitter.com/clauersen/status/806851160363663360;Christian Lauersen;@clauersen;@jankrag you guys did a badass job showing the #DST4L folks some #github magic - thx!;2;0;1481203281
dec-08;https://twitter.com/clauersen/status/806850669319700480;Christian Lauersen;@clauersen;@Helen_Jess might be easiest to read the GitHub section of this write-up from last years #DST4L session https://christianlauersen.net/2015/09/21/data-scientist-training-for-librarians-re-skilling-libraries-for-the-future/ … #datalibs;0;0;1481203164
dec-08;https://twitter.com/kagudicumaqiv/status/806849213086756864;chapell;@kagudicumaqiv;#DST4L - http://gulflogbook.com/b1fa3  Data Scientist Training for Librarians;0;0;1481202817
dec-08;https://twitter.com/vonutaxutoja/status/806848944282238978;perschbacher;@vonutaxutoja;#DST4L - http://gulflogbook.com/b1fa3  Data Scientist Training for Librarians;0;0;1481202753
dec-08;https://twitter.com/sologyxulyc/status/806848553804890112;Jessabell Missenden;@sologyxulyc;#DST4L - http://gulflogbook.com/b1fa3  Data Scientist Training for Librarians;0;0;1481202660
dec-08;https://twitter.com/libcce/status/806848026312671233;Chris Erdmann;@libcce;#DST4L getting ready to throw the DTU Library's Catch Box http://us.getcatchbox.com  to the first @github questionpic.twitter.com/t82aqdfe1x;6;0;1481202534
dec-08;https://twitter.com/JEkstroem/status/806847893705465856;JeannetteEkstroem;@JEkstroem;Everyone loves #github - even my cat MIV is online from home with my husband @bofrese listening to @lakruzz @Praqma #dst4l librarians pic.twitter.com/3VEU79cihY;14;5;1481202503
dec-08;https://twitter.com/bicifyqanet/status/806847876001333249;Nicolino Macneachta;@bicifyqanet;#DST4L - http://gulflogbook.com/b1fa3  Data Scientist Training for Librarians;0;0;1481202498
dec-08;https://twitter.com/tullemich/status/806846694306574336;Michael Svendsen;@tullemich;Do cool slide decks with reveal #dst4l via #markdown in #github see and try the online html editor http://lab.hakim.se/reveal-js/#/ ;5;2;1481202217
dec-08;https://twitter.com/libcce/status/806845455120404480;Chris Erdmann;@libcce;#DST4L Librarian as Coder slides http://code.praqma.com/librarian/librarian-as-coder/#/ … by @Lakruzz;2;0;1481201921
dec-08;https://twitter.com/jankrag/status/806844854449872896;Jan Krag;@jankrag;Me on stage, on stage at DTU, teaching #git and #github to librarians for #dst4l https://twitter.com/so_inkfeder/status/806813907830579200 …;9;1;1481201778
dec-08;https://twitter.com/rolfmadsen/status/806844661985902592;rolfmadsen;@rolfmadsen;Define tasks and break them into manageable chunks. Finish at least two tasks every day. Be happy! #dst4l pic.twitter.com/0GKRSb2Xum;5;3;1481201732
dec-08;https://twitter.com/AULibrarian/status/806844479403659264;AULibrarian/Jesper;@AULibrarian;Luv it #DST4L pic.twitter.com/qgnGPFr1Rx;3;0;1481201688
dec-08;https://twitter.com/DenmarkTrending/status/806843442772975616;TrendsinDenmark;@DenmarkTrending;#DST4L is trending at #5 in Denmark. Visit http://hashgurus.com/image.aspx?q=%23DST4L … for more imagespic.twitter.com/65VjYK21hG;2;3;1481201441
dec-08;https://twitter.com/tullemich/status/806843300888084480;Michael Svendsen;@tullemich;Agile planning working e.g. the kanban way: http://kanbantool.com/personal-kanban-board … #dst4l via @Lakruzz teaching #librarians #datalibs;3;0;1481201408
dec-08;https://twitter.com/rolfmadsen/status/806842205612740608;rolfmadsen;@rolfmadsen;Use the Andon cord to empower people to stop the process, to have time to fix problems for good, to create and ship quality products. #dst4l;6;2;1481201146
dec-08;https://twitter.com/DST4L/status/806840310638739456;DST4L;@DST4L;So great to follow the #DST4L is on both sides of the Atlantic - http://isbnewmedia.com/post/48640-data-scientist-training-for-librarians … @libcce @melbaek;1;0;1481200695
dec-08;https://twitter.com/JEkstroem/status/806840310605213696;JeannetteEkstroem;@JEkstroem;So great to follow the #DST4L is on both sides of the Atlantic - http://isbnewmedia.com/post/48640-data-scientist-training-for-librarians … @libcce @melbaek;0;0;1481200695
dec-08;https://twitter.com/chrbknudsen/status/806838856779702272;Christian Knudsen;@chrbknudsen;Minimize work in progress and task switching. @Lakruzz That sounds like a good idea. Lets not do that. #librarylife #dst4l;5;2;1481200348
dec-08;https://twitter.com/tullemich/status/806838140258451456;Michael Svendsen;@tullemich;http://agilemanifesto.org/  #dst4l https://twitter.com/JEkstroem/status/806836632108335104 …;3;1;1481200177
dec-08;https://twitter.com/tullemich/status/806836953731780608;Michael Svendsen;@tullemich;Lars Kruse @Praqma asks the burning #dst4l question: are disciplines f. agile software devop relevant to libraries? pic.twitter.com/Bp81cETeMr;3;0;1481199894
dec-08;https://twitter.com/jsprsaurus/status/806836856948228096;Jesper Lauridsen;@jsprsaurus;@tullemich ¯\_(?)_/¯ it's something #DST4L;2;1;1481199871
dec-08;https://twitter.com/JEkstroem/status/806836632108335104;JeannetteEkstroem;@JEkstroem;The Agile Manifesto, now presented at #DST4L by Lars Kruse from @Praqma / and building software piece by piecepic.twitter.com/NGoOsQ358J;4;0;1481199818
dec-08;https://twitter.com/DST4L/status/806835336915599360;DST4L;@DST4L;Lars Kruse from @Praqma is now on at #DST4L with why Librarians too, in the future will have to be CODERS - #gitub http://code.praqma.com/librarian/librarian-as-coder/#/ …;3;2;1481199509
dec-08;https://twitter.com/JEkstroem/status/806835336693301248;JeannetteEkstroem;@JEkstroem;Lars Kruse from @Praqma is now on at #DST4L with why Librarians too, in the future will have to be CODERS - #gitub http://code.praqma.com/librarian/librarian-as-coder/#/ …;2;0;1481199509
dec-08;https://twitter.com/chrbknudsen/status/806835070669570048;Christian Knudsen;@chrbknudsen;"Software done right. Not like ""rejsekortet"" #dst4l";2;0;1481199445
dec-08;https://twitter.com/jsprsaurus/status/806833756220887041;Jesper Lauridsen;@jsprsaurus;God I love when people bring merchandise! So many github stickers \o/ #DST4L;4;1;1481199132
dec-08;https://twitter.com/libcce/status/806833127763099648;Chris Erdmann;@libcce;#DST4L napkin drawing on @github LFS. More on that later thanks to @Praqmapic.twitter.com/2njLQptFoC;5;0;1481198982
dec-08;https://twitter.com/GeoHashTrend/status/806829309386166272;Geo # Trend;@GeoHashTrend;Top Trends Denmark-Dec08 12:49 CET #EconomicOutlook #cldk #together4health #sundpol16 #DST4L Middelhavet http://www.geohashtrend.com?cc=DKgeohashtrend.com/?cc=DK ;0;0;1481198072
dec-08;https://twitter.com/knanton/status/806828748104417281;Knut Anton Bøckman;@knanton;decidedly fewer #dst4l tweets today. https://docs.google.com/spreadsheets/d/1PQyI2LB5XHnd2Fdh3TTv6a90g1w3K62T8dFF9z1CjEg/edit#gid=400689247 … People are busy exploring their git repos :);1;0;1481197938
dec-08;https://twitter.com/AULibrarian/status/806818160263438336;AULibrarian/Jesper;@AULibrarian;#DST4L Fin fin udsigt pic.twitter.com/W3NOl8mego;2;0;1481195414
dec-08;https://twitter.com/JanneSimonsen/status/806818070324977664;Janne LytoftSimonsen;@JanneSimonsen;Great #github workshop by Thierry Lacour and @JanKrag at #DST4L! Step by step introduction and help available all the time;4;1;1481195392
dec-07;https://twitter.com/libcce/status/806813916152078337;Chris Erdmann;@libcce;#dst4l now the students are looking at us wondering why these librarians are talking about sheep branches and merging sheep;8;2;1481194402
dec-07;https://twitter.com/so_inkfeder/status/806813907830579200;Alina Stoicescu;@so_inkfeder;GitHub training inception @mydtu #DST4L pic.twitter.com/vAd496vRC6;5;0;1481194400
dec-07;https://twitter.com/JEkstroem/status/806811889917427712;JeannetteEkstroem;@JEkstroem;#DST4L workshop with cool librarians controlling #github Training is great, and librarians are easy learners (and #Octocats) @Praqma sayspic.twitter.com/kdxs2GBT6U;2;3;1481193919
dec-07;https://twitter.com/libcce/status/806811089602224128;Chris Erdmann;@libcce;#DST4L Now on to cloning @github reposhttps://www.youtube.com/watch?v=rVIZx3Cl78k …;1;0;1481193728
dec-07;https://twitter.com/libcce/status/806800919002128384;Chris Erdmann;@libcce;Great to see students following along w/ #DST4L @Praqma @githubtraining and asking to join in;5;1;1481191303
dec-07;https://twitter.com/libcce/status/806799653664485376;Chris Erdmann;@libcce;Before #DST4L DTU Library was using this screen to demo VR/AR experiences. But ascii sheep viz for the moment. pic.twitter.com/DjzMA607km;6;1;1481191001
dec-07;https://twitter.com/tullemich/status/806799120513974272;Michael Svendsen;@tullemich;ascii sheep in #dst4l github training is fun. Last year was octocats themes /\_/\ ____/ o o \ /~____ =ø= / (______)__m_;8;1;1481190874
dec-07;https://twitter.com/libcce/status/806797015988342785;Chris Erdmann;@libcce;#dst4l /play horn;1;0;1481190372
dec-07;https://twitter.com/clauersen/status/806792141812809728;Christian Lauersen;@clauersen;Your fave library pic of the day: 40 library folks getting their hands real dirty with #GitHub at #DST4L in Cph #datalibspic.twitter.com/XmCwM5YGzI;31;14;1481189210
dec-07;https://twitter.com/libcce/status/806788959221055488;Chris Erdmann;@libcce;For everyone in #DST4L today, here is an emoji cheat sheet http://www.webpagefx.com/tools/emoji-cheat-sheet/ …;3;0;1481188451
dec-07;https://twitter.com/JEkstroem/status/806786435764236288;JeannetteEkstroem;@JEkstroem;There is a buzz when stickers to place on a laptop are GOLD. My husband @bofrese watches #DST4L live feed & asks for cool stickers @Praqmapic.twitter.com/zyQZvIwprg;3;0;1481187850
dec-07;https://twitter.com/libcce/status/806786196298829828;Chris Erdmann;@libcce;#DST4L Taking a quick break. It's not every day you see an airplane in a library. Hope it is secure! pic.twitter.com/duekU1zoUz;1;0;1481187793
dec-07;https://twitter.com/asgerlarsen/status/806786033434050560;Asger Larsen;@asgerlarsen;Im hubbing - git it? #DST4L;2;0;1481187754
dec-07;https://twitter.com/eligr2/status/806786024533729281;Eli Greve;@eligr2;waiting to take off at Github #DST4L looks good;1;0;1481187752
dec-07;https://twitter.com/AnnetteGraae/status/806784569533808641;Annette Graae;@AnnetteGraae;Er stadig @AULibrarian i denne uge. og er på #DST4L i disse dage. Superinspirerende;2;1;1481187405
dec-07;https://twitter.com/emmbu07/status/806784508565463040;Emma Burman;@emmbu07;GitHub training day 2! #dst4l #githubpic.twitter.com/rYcOOGoQXt;2;0;1481187390
dec-07;https://twitter.com/AULibrarian/status/806783112604577792;AULibrarian/Jesper;@AULibrarian;Begynder dagen med hovedet i GitHub #DST4L;0;0;1481187058
dec-07;https://twitter.com/melbaek/status/806776049962872833;Mikael K. Elbæk;@melbaek;Time to team up for @github training with @Praqma #DST4L pic.twitter.com/ljrhXx3uE9;3;1;1481185374
dec-07;https://twitter.com/chrbknudsen/status/806776047827943424;Christian Knudsen;@chrbknudsen;Team Fossil FTW! #dst4l;0;0;1481185373
dec-07;https://twitter.com/tullemich/status/806775283235684352;Michael Svendsen;@tullemich;#dst4l FYI we have set up a Github group and repo, that you’re welcome to join dive into and use in today's session: https://github.com/dst4l-dk ;2;0;1481185191
dec-07;https://twitter.com/clauersen/status/806773858095087616;Christian Lauersen;@clauersen;Got my Hungry Catepillar socks on for todays #DST4L session coz I'm real hungry for all the #GitHub goodies #datalibs #librarianwardrobepic.twitter.com/GTHvJlTXjt;19;1;1481184851
dec-07;https://twitter.com/chrbknudsen/status/806771172784250880;Christian Knudsen;@chrbknudsen;Looking forward to day 2 of #dst4l!;0;0;1481184211
dec-07;https://twitter.com/GeoHashTrend/status/806708528018821120;Geo # Trend;@GeoHashTrend;Top Trends Denmark-Dec08 04:51 CET #cldk Paul Elvstrøm Leicester Real Madrid #together4health #DST4L Albertslund http://www.geohashtrend.com?cc=DKgeohashtrend.com/?cc=DK ;0;0;1481169275
dec-07;https://twitter.com/GeoHashTrend/status/806678313834004483;Geo # Trend;@GeoHashTrend;Top Trends Denmark-Dec08 02:51 CET #cldk Paul Elvstrøm Leicester Real Madrid #together4health #DST4L http://www.geohashtrend.com?cc=DKgeohashtrend.com/?cc=DK ;0;0;1481162072
dec-07;https://twitter.com/GeoHashTrend/status/806648027553349632;Geo # Trend;@GeoHashTrend;Top Trends Denmark-Dec08 00:41 CET #cldk Paul Elvstrøm Leicester Real Madrid #together4health #DST4L Politiken http://www.geohashtrend.com?cc=DKgeohashtrend.com/?cc=DK ;0;0;1481154851
dec-07;https://twitter.com/GeoHashTrend/status/806617671873794048;Geo # Trend;@GeoHashTrend;Top Trends Denmark-Dec07 22:51 CET #cldk Paul Elvstrøm #together4health #DST4L Politiken #goodvertising http://www.geohashtrend.com?cc=DKgeohashtrend.com/?cc=DK ;;0;1481147613
dec-07;https://twitter.com/GeoHashTrend/status/806587260787376129;Geo # Trend;@GeoHashTrend;Top Trends Denmark-Dec07 20:46 CET #goodvertising #together4health #cldk Albertslund #DST4L Politiken #UUtopmode http://www.geohashtrend.com?cc=DKgeohashtrend.com/?cc=DK ;1;0;1481140363
dec-07;https://twitter.com/JEkstroem/status/806564505962561536;JeannetteEkstroem;@JEkstroem;Fine talk about the free town #christiania from a great guy called Tot. It gIves a hole new meaning to the hashtag #DST4L pic.twitter.com/knbFZYH6uH;7;0;1481134938
dec-07;https://twitter.com/GeoHashTrend/status/806557016110075904;Geo # Trend;@GeoHashTrend;Top Trends Denmark-Dec07 18:51 CET #goodvertising #together4health #cldk Albertslund #DST4L Politiken #dkøko http://www.geohashtrend.com?cc=DKgeohashtrend.com/?cc=DK ;0;0;1481133152
dec-07;https://twitter.com/clauersen/status/806551548314714112;Christian Lauersen;@clauersen;Really nice #dataviz of todays #DST4L goodies https://twitter.com/knanton/status/806528930593148928 …;0;0;1481131848
dec-07;https://twitter.com/DenmarkTrending/status/806541411696906240;TrendsinDenmark;@DenmarkTrending;#DST4L -trending high @ #5. Click http://hashgurus.com/image.aspx?q=%23DST4L … to see all imagespic.twitter.com/Yex8zvMk8z;0;0;1481129432
dec-07;https://twitter.com/chrbknudsen/status/806537289954447360;Christian Knudsen;@chrbknudsen;#StarTrek themed beer. #DST4L pic.twitter.com/6wD2UnQXAe;0;0;1481128449
dec-07;https://twitter.com/knanton/status/806528930593148928;Knut Anton Bøckman;@knanton;the @mhawksey TAGSExplorer visualizes the first day of @DTUtweet #dst4l twitter archive http://hawksey.info/tagsexplorer/?key=1PQyI2LB5XHnd2Fdh3TTv6a90g1w3K62T8dFF9z1CjEg&gid=400689247 … See you all tomorrow :);3;2;1481126456
dec-07;https://twitter.com/chrbknudsen/status/806528707968036865;Christian Knudsen;@chrbknudsen;Yay! Day one of #DST4L almost done. Hope I'll learn as much tomorrow as I did today! #datalibs;3;0;1481126403
dec-07;https://twitter.com/GeoHashTrend/status/806526811630878721;Geo # Trend;@GeoHashTrend;Top Trends Denmark-Dec07 16:46 CET #together4health #sundpol16 #cldk Albertslund #DST4L Politiken #dkøko Europol http://www.geohashtrend.com?cc=DKgeohashtrend.com/?cc=DK ;0;0;1481125951
dec-07;https://twitter.com/JEkstroem/status/806524700960681984;JeannetteEkstroem;@JEkstroem;#DST4L day one is almost done. The last 4 hours we have been introduced to Shell for Librarians & dealing with data in tools beyond me;4;0;1481125447
dec-07;https://twitter.com/knanton/status/806524229021822976;Knut Anton Bøckman;@knanton;as #dst4l day 1 draws to a close, @DTUtweet library wifi is being mentioned with increasing levels of sarcasm ;3;0;1481125335
dec-07;https://twitter.com/chrbknudsen/status/806520213034463233;Christian Knudsen;@chrbknudsen;OK, Tesseract can OCR even danish frakturs. Can it OCR Klingon? #DST4L;3;1;1481124377
dec-07;https://twitter.com/j_w_baker/status/806520108575244288;James Baker;@j_w_baker;#DST4L Library Infrastructure. pic.twitter.com/ePeUgNIWTx;1;0;1481124352
dec-07;https://twitter.com/fleurmaroc1/status/806519956372357120;fleur;@fleurmaroc1;amazing song dance dance dance #IbtissamTiskat #???_???_??? #sundpol16 #cldk #DST4L #FelizMiercoles #dkøkohttps://www.youtube.com/watch?v=0KfO5lQUIZE …;0;0;1481124316
dec-07;https://twitter.com/j_w_baker/status/806517757231644672;James Baker;@j_w_baker;#dst4l @pj_webster @ianmilligan1 @jfwinters @anjacks0n and the web archives community would approve.https://twitter.com/knanton/status/806516241024356352 …;3;0;1481123792
dec-07;https://twitter.com/knanton/status/806517117193437185;Knut Anton Bøckman;@knanton;#dst4l tutorial for this @thomasgpadilla part : https://docs.google.com/document/d/1mIE1KGvbFwyV_rNs90pWyF6PUEe_1IbEJ9qvPaSsJiI/edit …;2;2;1481123639
dec-07;https://twitter.com/knanton/status/806516617756680192;Knut Anton Bøckman;@knanton;ok, ‘unnecessarily’ caveat was my addition, no blame to @thomasgpadilla ;0;0;1481123430
dec-07;https://twitter.com/knanton/status/806516241024356352;Knut Anton Bøckman;@knanton;#dst4l @thomasgpadilla teaching us how to wget ALL THE DATA without taking down other peoples’ server unnecessarily. hah! helpful :);1;0;1481123430
dec-07;https://twitter.com/libcce/status/806515102061129728;Chris Erdmann;@libcce;#dst4l http://explainshell.com/  contains 29761 parsed manpages from sections 1 and 8 found in Ubuntu's manpage repository;1;0;1481123159
dec-07;https://twitter.com/ssundstoel/status/806514938286055424;Shea Sundstøl;@ssundstoel;@Ksprbgh @j_w_baker I believe those are actually called Alligator mouths. According to Mrs. Carr, my first grade teacher. #dst4l;1;0;1481123120
dec-07;https://twitter.com/j_w_baker/status/806514382343700480;James Baker;@j_w_baker;#dst4l Part 5 of @thomasgpadilla's http://thomaspadilla.org/projects/scaredtodeath … is awesome (the film Scared to Death visualised over time by darkness of scene);3;0;1481122987
dec-07;https://twitter.com/tullemich/status/806514128252792832;Michael Svendsen;@tullemich;The command line crash course: shut up and shell https://learncodethehardway.org/unix/  #dst4l #datalibs;6;0;1481122927
dec-07;https://twitter.com/JEkstroem/status/806513848572399616;JeannetteEkstroem;@JEkstroem;Data is so much fun:) #dst4l really points out ideas and ways to visualise and work with data, so important https://twitter.com/tullemich/status/806513321973321728 …;3;0;1481122860
dec-07;https://twitter.com/libcce/status/806513672550019073;Chris Erdmann;@libcce;#dst4l @thomasgpadilla story narration reminded me ofhttps://www.youtube.com/watch?v=oP3c1h8v2ZQ …;3;0;1481122818
dec-07;https://twitter.com/DST4L/status/806513455184416768;DST4L;@DST4L;.@thomasgpadilla at #DST4L: data should be delivered in a state that offers an intuitive capacity to do something useful with it;1;0;1481122766
dec-07;https://twitter.com/tullemich/status/806513321973321728;Michael Svendsen;@tullemich;a very cool moving image project by @thomasgpadilla shown at #dst4l made by scenes over time by average brightness http://thomaspadilla.org/projects/scaredtodeath/#/5 …;2;0;1481122734
dec-07;https://twitter.com/JEkstroem/status/806513087071166464;JeannetteEkstroem;@JEkstroem;@chrbknudsen - if seems huge enough, but then again, not so much - we were just told at #dst4l.. Therefore @openrefine comes in handy;0;0;1481122678
dec-07;https://twitter.com/knanton/status/806513076627443712;Knut Anton Bøckman;@knanton;#dst4l @thomasgpadilla mentioned e.g. mapping places from Icelandic sagas. Interested? One result here: http://sagamap.hi.is/is/  (great #DH);3;1;1481122676
dec-07;https://twitter.com/JEkstroem/status/806511892856537090;JeannetteEkstroem;@JEkstroem;@thomaspadilla reminds us that everything in a Library is data & I argue, that Librarians have a natural approach working with data #dst4l;3;1;1481122394
dec-07;https://twitter.com/AULibrarian/status/806511882840539136;AULibrarian/Jesper;@AULibrarian;Lovely to play with Unix again. Didnt knew I missed it. But I did. #DST4L;4;0;1481122391
dec-07;https://twitter.com/ndalyrose/status/806511830243876864;Nora McGregor;@ndalyrose;"#DST4L Thx! Also see @BL_AdiKS's ""Cleaning up Hebrew catalogue records with OpenRefine"" https://www.bl.uk/hebrew-manuscripts/articles/cleaning-up-hebrew-catalogue-records-with-openrefine#sthash.u2e1i5NU.dpuf … @j_w_baker @OpenRefine";4;1;1481122379
dec-07;https://twitter.com/chrbknudsen/status/806511465045905408;Christian Knudsen;@chrbknudsen;Oh, and I LOVE the #StarTrek references! #DST4L;1;0;1481122292
dec-07;https://twitter.com/chrbknudsen/status/806511213945483264;Christian Knudsen;@chrbknudsen;The version of #excel I have installed has a limit of 1.048.576 rows and 16.384 colums. #DST4L;3;0;1481122232
dec-07;https://twitter.com/knanton/status/806510804178731008;Knut Anton Bøckman;@knanton;#dst4l to increase performance when using @OpenRefine allocate more memory per this: https://github.com/OpenRefine/OpenRefine/wiki/FAQ:-Allocate-More-Memory … - @thomasgpadilla @libcce;2;2;1481122134
dec-07;https://twitter.com/knanton/status/806507160125444097;Knut Anton Bøckman;@knanton;at #dst4l @thomasgpadilla references other @OpenRefine resources like those of, of course :) @ostephens @sethvanhooland @RubenVerborgh;1;0;1481121265
dec-07;https://twitter.com/libcce/status/806507124339671041;Chris Erdmann;@libcce;#dst4l @magdmartin has a nice course on using @OpenRefinehttps://bigdatauniversity.com/courses/introduction-to-openrefine/ …;3;0;1481121257
dec-07;https://twitter.com/j_w_baker/status/806506626022838273;James Baker;@j_w_baker;#dst4l For more, see also the @LibCarpentry @OpenRefine lesson http://data-lessons.github.io/library-openrefine/ …;0;1;1481121138
dec-07;https://twitter.com/j_w_baker/status/806505710221750272;James Baker;@j_w_baker;#dst4l On @OpenRefine custom exports, see @ndalyrose's work getting data out in a format that @Wikimedia can ingesthttp://blogs.bl.uk/digital-scholarship/2015/12/using-open-refine-to-create-xml-records-for-wikimedia-batch-upload-tool.html …;1;0;1481120920
dec-07;https://twitter.com/libcce/status/806504115920666624;Chris Erdmann;@libcce;.@RefinePro has a #DST4L and #GLAM setup and has some nice preinstalled extensions.;2;0;1481120540
dec-07;https://twitter.com/j_w_baker/status/806503765897596928;James Baker;@j_w_baker;#dst4l My first job in a library was to remove inconsistencies in an institutional repository, MANUALLY. I wish I'd had @OpenRefine then.;1;0;1481120456
dec-07;https://twitter.com/j_w_baker/status/806502842202722304;James Baker;@j_w_baker;Applause at #dst4l for the first mention of marc data. @CILIPCIG would be pleased.;2;1;1481120236
dec-07;https://twitter.com/knanton/status/806502680445251584;Knut Anton Bøckman;@knanton;mention om MARC records elicits applause in #dst4l . Modest, but audible.;4;0;1481120197
dec-07;https://twitter.com/j_w_baker/status/806502485208788992;James Baker;@j_w_baker;Note to #dst4l people: @OpenRefine I great with LOTS of rows but not so great with LOTS of columns.;0;0;1481120151
dec-07;https://twitter.com/j_w_baker/status/806500904052654080;James Baker;@j_w_baker;@jsprsaurus Anyway, I got the idea from @gvwilson at a @swcarpentry workshop #dst4l;0;0;1481119774
dec-07;https://twitter.com/j_w_baker/status/806500653396819969;James Baker;@j_w_baker;@jsprsaurus I heard some people experienced 'the tyranny of the yellow note': they didn't feel comfortable putting up the pink note #dst4l;0;0;1481119714
dec-07;https://twitter.com/knanton/status/806500609524383744;Knut Anton Bøckman;@knanton;#dst4l using this tutorial for @OpenRefine w @thomasgpadilla http://thomaspadilla.org/dataprep/ ;1;1;1481119704
dec-07;https://twitter.com/knanton/status/806500133865193474;Knut Anton Bøckman;@knanton;at #dst4l @thomasgpadilla makes very timely reference to @miriamkp “How did they make that”. Nice. #DH;1;1;1481119590
dec-07;https://twitter.com/j_w_baker/status/806499071938727936;James Baker;@j_w_baker;@jsprsaurus Hence why tab autocomplete is good. I always remember the day it took me an hour to realise I'd typed '0' instead of 'O' #dst4l;0;0;1481119337
dec-07;https://twitter.com/JEkstroem/status/806499014569033728;JeannetteEkstroem;@JEkstroem;A perfect day never ends. @thomasgpadilla is right now warming us up before cleaning data #DST4L with hints to https://www.jstatsoft.org/article/view/v059i10/v59i10.pdf …pic.twitter.com/uFomOFm1eF;1;1;1481119323
dec-07;https://twitter.com/j_w_baker/status/806498569658179586;James Baker;@j_w_baker;#dst4l As ever I NEED @thomasgpadilla's slides (this time on tidy data);3;0;1481119217
dec-07;https://twitter.com/tullemich/status/806498516684120065;Michael Svendsen;@tullemich;@thomasgpadilla in action at #dst4l now illuminating some points on data preparation as a continious proces pic.twitter.com/HmzWOgy60v;1;0;1481119205
dec-07;https://twitter.com/knanton/status/806497873382768641;Knut Anton Bøckman;@knanton;after @j_w_baker’s nice intro to command line work, now at #dst4l use of @OpenRefine by @thomasgpadilla Pay attention, librarians!;1;0;1481119051
dec-07;https://twitter.com/j_w_baker/status/806497458092208128;James Baker;@j_w_baker;"#dst4l @thomasgpadilla is leading a data prep / @OpenRefine session. I'm waiting for the ""Ooooo""s and ""Ahhhhhh""s.";2;0;1481118952
dec-07;https://twitter.com/jsprsaurus/status/806496646104281091;Jesper Lauridsen;@jsprsaurus;Also, so, so relatable! #DST4L pic.twitter.com/elGQIvmaEX;3;0;1481118759
dec-07;https://twitter.com/GeoHashTrend/status/806496624637775873;Geo # Trend;@GeoHashTrend;Top Trends Denmark-Dec07 14:46 CET #together4health #DST4L #cldk Albertslund Politiken #dkøko Europol #ForMin http://www.geohashtrend.com?cc=DKgeohashtrend.com/?cc=DK ;0;0;1481118753
dec-07;https://twitter.com/jsprsaurus/status/806495956342542336;Jesper Lauridsen;@jsprsaurus;"God damn unforgiving terminal. Miss one letter and it's all like ""no way dude, can't do that!"". #DST4L";2;0;1481118594
dec-07;https://twitter.com/RefinePro/status/806491491979902976;refinepro;@RefinePro;good day #DST4L ! We monitor the registration for the OpenRefine session. Please let us know (twitter - email) if you need support.;1;0;1481117530
dec-07;https://twitter.com/webcrawlerw/status/806488935136395264;Webcrawler;@webcrawlerw;#DST4L DST delivers industry experience, technological expertise, and service excellence to http://www.webcrawler.press/dst4l/ ;0;0;1481116920
dec-07;https://twitter.com/tullemich/status/806488833923710976;Michael Svendsen;@tullemich;@j_w_baker kicking off real working part of #Dst4l 'Grappling with data' session http://www.dst4l.info/events/baker_talk.html …pic.twitter.com/0hkU2r60qV;1;1;1481116896
dec-07;https://twitter.com/tullemich/status/806484306298277888;Michael Svendsen;@tullemich;@j_w_baker #dst4l quote of the day: ‘The computer is stupid, it does not interpret for us’…(yet?) in “Grappling with #Data” #libraryshell;1;0;1481115817
dec-07;https://twitter.com/JEkstroem/status/806484008817266693;JeannetteEkstroem;@JEkstroem;"Crunch and counts, as @j_w_baker says. We learn how to extract info from data by use of ""flags and grep"" #DST4L pic.twitter.com/b8yVk5AeR8";4;2;1481115746
dec-07;https://twitter.com/asgerlarsen/status/806483444284977152;Asger Larsen;@asgerlarsen;Comming to grips with data through Shell #DST4L pic.twitter.com/mWnACkv6v7;5;1;1481115611
dec-07;https://twitter.com/chrbknudsen/status/806482743848763393;Christian Knudsen;@chrbknudsen;Very Happy! #DST4L @j_w_bakerpic.twitter.com/Aoc2AvDN72;5;2;1481115444
dec-07;https://twitter.com/DenmarkTrending/status/806478969906360320;TrendsinDenmark;@DenmarkTrending;#DST4L - Trending @ number 1 in Denmark. Visit http://hashgurus.com/image.aspx?q=%23DST4L … for more detailspic.twitter.com/z8Q6ypa6WR;0;0;1481114544
dec-07;https://twitter.com/Ksprbgh/status/806477737972142081;Kasper Bøgh;@Ksprbgh;Things are getting technical at #DST4L @j_w_baker is using terms such as telling people to use “A funny little pointy bracky thingy“;4;0;1481114251
dec-07;https://twitter.com/chrbknudsen/status/806477554576199680;Christian Knudsen;@chrbknudsen;Not being able to install software. But having access to a tool that can erase your entire computer. Sounds familiar... #DST4L #BOFH;1;0;1481114207
dec-07;https://twitter.com/melbaek/status/806477039112949760;Mikael K. Elbæk;@melbaek;Not at DTU Library following the #dst4l training - then do follow it live stream here: http://www.ustream.tv/channel/dtu-library … @j_w_baker fun with Shell :);2;0;1481114084
dec-07;https://twitter.com/DST4L/status/806475317057613824;DST4L;@DST4L;Now we are talking. Grappling with data and working/learning how to work in Shell, doing promts:) - @j_w_baker is very cool & speedy #DST4L pic.twitter.com/C2sL1BRHE5;1;1;1481113673
dec-07;https://twitter.com/JEkstroem/status/806475317007228928;JeannetteEkstroem;@JEkstroem;Now we are talking. Grappling with data and working/learning how to work in Shell, doing promts:) - @j_w_baker is very cool & speedy #DST4L pic.twitter.com/HZGyip8ogw;1;0;1481113673
dec-07;https://twitter.com/chrbknudsen/status/806472800697511936;Christian Knudsen;@chrbknudsen;While we're waiting for the cleanup of a coffee-related incident. This page was pretty cool! http://www.netsights.dk/  #DST4L;0;0;1481113073
dec-07;https://twitter.com/chrbknudsen/status/806471644113997826;Christian Knudsen;@chrbknudsen;Mmmm I love the smell of a terminal in the afternoon #DST4L;3;0;1481112798
dec-07;https://twitter.com/t_s_institute/status/806471537020858368;OpenDataTaylorSwift;@t_s_institute;#dst4l My current favourite Taylor Swift is the @EuropeanLibrary newspaper data you can scrape from http://data.theeuropeanlibrary.org/download/newspapers/berliner_tageblatt/ …;2;0;1481112772
dec-07;https://twitter.com/clauersen/status/806469934544986112;Christian Lauersen;@clauersen;Well done #dst4l folks - the hashtag is on fire and trending :) pic.twitter.com/7yl11ka0cx;3;0;1481112390
dec-07;https://twitter.com/GeoHashTrend/status/806466411384205312;Geo # Trend;@GeoHashTrend;Top Trends Denmark-Dec07 12:36 CET #DST4L #together4health #cldk Albertslund Politiken #dkøko Europol TV 2 #NATO http://www.geohashtrend.com?cc=DKgeohashtrend.com/?cc=DK ;0;0;1481111550
dec-07;https://twitter.com/fribban/status/806465825792147456;Anneli Friberg;@fribban;@j_w_baker I know. It's really cool! Good thinking & great setup. Well done organizers @Ksprbgh @JEkstroem & Co. #DST4L;0;0;1481111410
dec-07;https://twitter.com/libcce/status/806456326784217089;Chris Erdmann;@libcce;#Dst4l @parraguezr mentions some helpful tools from @medialab_ScPo http://www.medialab.sciences-po.fr/tools/ ;2;1;1481109146
dec-07;https://twitter.com/HenrietteRoued/status/806453294478585856;Henriette Roued;@HenrietteRoued;Very interested in how this can be useful in research in the humanities where I am #DST4L https://twitter.com/libcce/status/806448629888286720 …;2;0;1481108423
dec-06;https://twitter.com/JEkstroem/status/806452421295820800;JeannetteEkstroem;@JEkstroem;@parraguezr with his research & results on the networks & collaboration options . With @DTUtweet Anders Bjarkløv as example #DST4L pic.twitter.com/bnVzgHTfhH;1;0;1481108215
dec-06;https://twitter.com/katy_digital/status/806452367059222528;Katy Walton;@katy_digital;@j_w_baker Good to know. I hope you find #DST4L useful today.;0;0;1481108202
dec-06;https://twitter.com/j_w_baker/status/806452026418794496;James Baker;@j_w_baker;After lunch I'll be bringing @LibCarpentry materials to the #DST4L Copenhagen party. This should be fun.;2;0;1481108120
dec-06;https://twitter.com/chrbknudsen/status/806450982133657600;Christian Knudsen;@chrbknudsen;Cool, kinda, data predicting the fate of DTU-Transport! #DST4L @parraguezr;2;0;1481107871
dec-06;https://twitter.com/melbaek/status/806450487717404672;Mikael K. Elbæk;@melbaek;.@parraguezr shows how linked data can be useful for looking beyond KPIs and in to the future of KPPs (p for predictive)! #dst4l pic.twitter.com/3gM3DwXQrG;6;6;1481107754
dec-06;https://twitter.com/j_w_baker/status/806449185209860096;James Baker;@j_w_baker;@eligr2 I should say that @parraguezr is giving are far from that, it is just a characterisation I find useful #dst4l;0;0;1481107443
dec-06;https://twitter.com/tullemich/status/806448982704660480;Michael Svendsen;@tullemich;@parraguezr @j_w_baker I didn’t know @DTUtweet Food has a part in this #dst4l https://twitter.com/j_w_baker/status/806446019147919360 …;1;0;1481107395
dec-06;https://twitter.com/libcce/status/806448629888286720;Chris Erdmann;@libcce;#Dst4l @parraguezr exploring the networked knowledge landscapes through his work at http://www.netsights.dk pic.twitter.com/Q8CeV1aCBo;4;1;1481107311
dec-06;https://twitter.com/eligr2/status/806447254429204481;Eli Greve;@eligr2;#DST4L well after lunch you might get other aspirations lokking at network graphs. https://twitter.com/j_w_baker/status/806446019147919360 …;1;0;1481106983
dec-06;https://twitter.com/j_w_baker/status/806446019147919360;James Baker;@j_w_baker;#DST4L I still think that most network graphs look like spaghetti and meatballs.;6;0;1481106688
dec-06;https://twitter.com/knanton/status/806445169943973888;Knut Anton Bøckman;@knanton;I put up a #dst4l @DTUtweet twitter archive here: https://docs.google.com/spreadsheets/d/1PQyI2LB5XHnd2Fdh3TTv6a90g1w3K62T8dFF9z1CjEg/edit?usp=sharing … - courtesy of @mhawksey;8;2;1481106486
dec-06;https://twitter.com/JEkstroem/status/806445112645525504;JeannetteEkstroem;@JEkstroem;@DST4L - @parraguezr with energy and passion sharing his thoughts and data experiences with the #DST4L crowd - pic.twitter.com/ztSaj7N6cz;3;0;1481106472
dec-06;https://twitter.com/nabatz/status/806444245573832704;Tracy;@nabatz;For my german data librarians: There is a new #DST4L Event with the awesome guys from the @DTUtweet Library - Live! Now!https://twitter.com/clauersen/status/806442179417796608 …;3;0;1481106265
dec-06;https://twitter.com/knanton/status/806443619322396672;Knut Anton Bøckman;@knanton;next up at #dst4l is @parraguezr : “from counting to connecting”;3;0;1481106116
dec-06;https://twitter.com/knanton/status/806443408566972416;Knut Anton Bøckman;@knanton;#dst4l @HenrietteRoued ends with @OpenGLAM principle not to put extra right restrictions on top of already existing ones. (i.e. keep it PD!);7;3;1481106066
dec-06;https://twitter.com/ssundstoel/status/806442903337926656;Shea Sundstøl;@ssundstoel;My suspicions are now confirmed: I am part of the #GLAM community (galleries, libraries, and museums. #dst4l (Can I be a GLAM rocker?);9;0;1481105945
dec-06;https://twitter.com/DST4L/status/806442795326177280;DST4L;@DST4L;#datascience training 4 librarians in Digital Age, is: join in the #dst4l livestream & have your say http://www.ustream.tv/channel/17199321 … #libraryfutures;1;4;1481105920
dec-06;https://twitter.com/clauersen/status/806442179417796608;Christian Lauersen;@clauersen;Or tune in to the #DST4L live stream to get all the data swag in real time: http://www.ustream.tv/channel/dtu-library … #datalibshttps://twitter.com/clauersen/status/806440539084255232 …;3;1;1481105773
dec-06;https://twitter.com/j_w_baker/status/806441716400222208;James Baker;@j_w_baker;#dst4l Seems relevant to what @HenrietteRoued is talking about: new @Europeanaeu rights statements http://pro.europeana.eu/blogpost/they-re-here-new-rights-statements-available-now …;1;0;1481105662
dec-06;https://twitter.com/clauersen/status/806440539084255232;Christian Lauersen;@clauersen;Hi data savvy library folks, tap into the #DST4L hashtag the next 3 days. It's loaded with good #datalibs stuff: http://www.dst4l.info/schedule ;13;16;1481105382
dec-06;https://twitter.com/j_w_baker/status/806439979035590656;James Baker;@j_w_baker;#dst4l My current favourite open data is the @EuropeanLibrary newspaper data you can scrape from http://data.theeuropeanlibrary.org/download/newspapers/berliner_tageblatt/ …;3;0;1481105248
dec-06;https://twitter.com/tullemich/status/806439375538159616;Michael Svendsen;@tullemich;Cadeau from @HenrietteRoued to the #metadata work with image search and export options in #Rex #Dst4l @knantonpic.twitter.com/aJektWRgms;2;1;1481105104
dec-06;https://twitter.com/knanton/status/806439362506477568;Knut Anton Bøckman;@knanton;on top of this, access thru well-described APIs most important says @HenrietteRoued, points to @Europeanaeu #dst4l @sortediamant @smkmuseum;3;0;1481105101
dec-06;https://twitter.com/j_w_baker/status/806438430976704512;James Baker;@j_w_baker;#dst4l My live, partial, incomplete, sleepy, and CC notes from Data Science Training for Librarians will develop at https://gist.github.com/drjwbaker/5be3513e73e90f6eb3676bf7732bcb8c …;4;1;1481104879
dec-06;https://twitter.com/knanton/status/806438379101552640;Knut Anton Bøckman;@knanton;1. yes: data published, free to access :) 2. No - unclear licensing :( #dst4l Look to @smkmuseum says @HenrietteRoued @sortediamant;0;0;1481104867
dec-06;https://twitter.com/citylis/status/806438072959324160;#citylis;@citylis;Those of you interested in data literacy might like to take a look at the #DST4L tag today. #citylis #LIS #libraries;2;0;1481104794
dec-06;https://twitter.com/libcce/status/806437362196774912;Chris Erdmann;@libcce;#dst4l @HenrietteRoued speaking about levels of openness http://5stardata.info/en/ ;0;0;1481104624
dec-06;https://twitter.com/knanton/status/806436897723678720;Knut Anton Bøckman;@knanton;Now @HenrietteRoued going into @sortediamant digital image collection to talk about open access to data. #dst4l Bracing myself for this;1;0;1481104513
dec-06;https://twitter.com/knanton/status/806436340883746816;Knut Anton Bøckman;@knanton;at #dst4l, @HenrietteRoued’s tales of institutional reluctance to embrace #openaccess speaks to this autocorrect ;1;0;1481104381
dec-06;https://twitter.com/j_w_baker/status/806436171266002944;James Baker;@j_w_baker;#DST4L That is, in public and among library users, rather than behind closed doors. Feels like an important statement of purpose to me. https://twitter.com/j_w_baker/status/806435885424242688 …;2;1;1481104340
dec-06;https://twitter.com/j_w_baker/status/806435885424242688;James Baker;@j_w_baker;#DST4L I can't underscore enough how awesome it is to be at a software/data skills event IN THE MIDDLE OF a working library. pic.twitter.com/SyhPMyisgV;9;0;1481104272
dec-06;https://twitter.com/libcce/status/806435668226408448;Chris Erdmann;@libcce;#dst4l @HenrietteRoued stressing the importance of projects like http://rightsstatements.org/en/  andhttps://creativecommons.org ;1;0;1481104220
dec-06;https://twitter.com/j_w_baker/status/806434646993104896;James Baker;@j_w_baker;#dst4l @HenrietteRoued on the value of open data ~ if you don't learn to let go, people won't use your stuff;2;1;1481103977
dec-06;https://twitter.com/knanton/status/806434349281320964;Knut Anton Bøckman;@knanton;#dst4l ppl interested in “The Other Nefertiti” @HenrietteRoued mentioned? More available from @MSanderhoff here:https://youtu.be/YPkZOKzkwb0 ;6;6;1481103906
dec-06;https://twitter.com/tullemich/status/806433980031664128;Michael Svendsen;@tullemich;#DST4L @HenrietteRoued taking about the crucial importance of #openaccess to cultural hesitate datapic.twitter.com/03EuN8Qxo4;2;1;1481103818
dec-06;https://twitter.com/knanton/status/806432320668450816;Knut Anton Bøckman;@knanton;hey, The Other Nefertiti shows up in @HenrietteRoued’s #dst4l talk on access to cultural heritage :) /ping @MSanderhoff;2;0;1481103422
dec-06;https://twitter.com/clauersen/status/806431865271975937;Christian Lauersen;@clauersen;"Read the blog post here:""The Fall of The Library Fortress"" https://christianlauersen.net/2015/08/11/the-fall-of-the-library-fortress/ … #DST4L https://twitter.com/tullemich/status/806426034866425856 …";4;0;1481103314
dec-06;https://twitter.com/DST4L/status/806431859534139392;DST4L;@DST4L;Importance of heritage #datascience: @HenrietteRoued presenting the archeology viewpoint at #dst4l http://www.ustream.tv/channel/dtu-library … #libraryfutures;1;0;1481103312
dec-06;https://twitter.com/knanton/status/806431794065240064;Knut Anton Bøckman;@knanton;next up on the #dst4l stage is @HenrietteRoued on use of open cultural heritage data. looking forward to this talk on heritage access;5;0;1481103297
dec-06;https://twitter.com/j_w_baker/status/806430327560355840;James Baker;@j_w_baker;.@libcce talking about the idea of #dst4l as a Service. @melissaterras & I touched on this at #dh2016 http://dh2016.adho.org/abstracts/230 ;4;1;1481102947
dec-06;https://twitter.com/innova_scape/status/806428872363286528;InnovaScape;@innova_scape;RT Countdown to #DST4L 2016 is over, watch the stream of the #datascience program http://www.ustream.tv/channel/17199321 … … #dst4l… http://dlvr.it/MqYsnK pic.twitter.com/RP3veLr1M4;0;0;1481102600
dec-06;https://twitter.com/innova_scape/status/806428866617098241;InnovaScape;@innova_scape;RT Countdown to #DST4L 2016 is over, watch the stream of the #datascience program http://www.ustream.tv/channel/17199321 … … #dst4l… http://dlvr.it/MqYsn4 pic.twitter.com/vW3P0XxUIw;0;0;1481102599
dec-06;https://twitter.com/innova_scape/status/806428862208831489;InnovaScape;@innova_scape;RT Countdown to #DST4L 2016 is over, watch the stream of the #datascience program http://www.ustream.tv/channel/17199321 … … #dst4l… http://dlvr.it/MqYsmk pic.twitter.com/mU8ubefBUX;0;0;1481102598
dec-06;https://twitter.com/innova_scape/status/806428856877924352;InnovaScape;@innova_scape;RT Countdown to #DST4L 2016 is over, watch the stream of the #datascience program http://www.ustream.tv/channel/17199321 … … #dst4l… http://dlvr.it/MqYslP pic.twitter.com/ss1v7V7sYb;0;0;1481102596
dec-06;https://twitter.com/knanton/status/806428309563310080;Knut Anton Bøckman;@knanton;to start off #dst4l @DTUtweet , @libcce gives us encouraging stories of how data savviness empowers librarians :);3;0;1481102466
dec-06;https://twitter.com/melbaek/status/806427721920315392;Mikael K. Elbæk;@melbaek;It's not easy, but the trip will certainly be interesting #dst4l pic.twitter.com/cvu7QcQfWN;3;0;1481102326
dec-06;https://twitter.com/eligr2/status/806427492290592768;Eli Greve;@eligr2;looking forward meet the challenges. Everest ? oups #dst4l;1;0;1481102271
dec-06;https://twitter.com/melbaek/status/806427296336900096;Mikael K. Elbæk;@melbaek;The #dst4l crowd has gathered @DTUtweet library listening to @libcce promoting data savviness for librarianspic.twitter.com/oNvfg4ZlFK;6;3;1481102224
dec-06;https://twitter.com/j_w_baker/status/806427210345222144;James Baker;@j_w_baker;#dst4l The values of Data Science Training for Librarians are so important. Not least, don't let IT take over all library tech!;10;3;1481102204
dec-06;https://twitter.com/DST4L/status/806427176333705216;DST4L;@DST4L;Countdown to #DST4L 2016 is over, watch the stream of the #datascience program http://www.ustream.tv/channel/17199321 … #dst4l #libraryfutures;9;15;1481102196
dec-06;https://twitter.com/OAforClimate/status/806427176312700928;Ivo Grigorov;@OAforClimate;Countdown to #DST4L 2016 is over, watch the stream of the #datascience program http://www.ustream.tv/channel/17199321 … #dst4l #libraryfutures;1;0;1481102196
dec-06;https://twitter.com/tullemich/status/806427071002136580;Michael Svendsen;@tullemich;Valuable goals of #Dst4l empowering #librarianship highlighted by @libcce in his opening of @DST4Lpic.twitter.com/PsmcmigxiG;11;3;1481102171
dec-06;https://twitter.com/JEkstroem/status/806426870099144709;JeannetteEkstroem;@JEkstroem;@libcce is setting the scene with the goals for doing this #DST4L training - allowing librarians to know the research data lifecycle pic.twitter.com/iPhJgXggNm;1;0;1481102123
dec-06;https://twitter.com/chrbknudsen/status/806426774175354880;Christian Knudsen;@chrbknudsen;Failure is ALWAYS an option! #DST4L;1;0;1481102100
dec-06;https://twitter.com/raineralias/status/806426558466523136;Rainer Mesi;@raineralias;#dst4l 2016 kickoff - what a great start! looking forward to 3 exciting days of data wrangling :) pic.twitter.com/UwxeYphVvh;2;0;1481102048
dec-06;https://twitter.com/tullemich/status/806426034866425856;Michael Svendsen;@tullemich;@libcce poiting to @clauersen blogpost on The Fall of the Library Fortress via pointing to #dst4l #datalib trainingpic.twitter.com/55Jd6RsAhY;3;0;1481101924
dec-06;https://twitter.com/melbaek/status/806425540907237376;Mikael K. Elbæk;@melbaek;#dst4l kick-off! It's happening because of the fantastic4 and the sponsors @JEkstroem @tullemich @Ksprbgh and Lorna awesome!!pic.twitter.com/6mCJEXGMef;6;2;1481101806
dec-06;https://twitter.com/j_w_baker/status/806425454953566208;James Baker;@j_w_baker;#dst4l https://twitter.com/j_w_baker/status/806423854541402112 …;0;0;1481101785
dec-06;https://twitter.com/knanton/status/806425354525179904;Knut Anton Bøckman;@knanton;shoutout to @clauersen “Fall of the Library Fortress” first out at #dst4l;1;0;1481101761
dec-06;https://twitter.com/tullemich/status/806424128232321024;Michael Svendsen;@tullemich;Thanks to all #dst4l sponsors making this possible @DEFFdk @DeIC1 @DBCdk @DTUtweet @tableau #bibliotekarforbundetpic.twitter.com/HCSLoW6jQY;7;2;1481101469
dec-06;https://twitter.com/HenrietteRoued/status/806422843118551040;Henriette Roued;@HenrietteRoued;Looking forward to talking open heritage data at #DST4L #openheritage #opendata;3;0;1481101163
dec-06;https://twitter.com/DST4L/status/806417844275712000;DST4L;@DST4L;#DST4L 2016 is just about to start. Lot´s of great Librarians from all over Scandinavia buzzing and enjoying the coffee. https://twitter.com/tullemich/status/806403623769034754 …;1;0;1481099971
dec-06;https://twitter.com/JEkstroem/status/806417844237955073;JeannetteEkstroem;@JEkstroem;#DST4L 2016 is just about to start. Lot´s of great Librarians from all over Scandinavia buzzing and enjoying the coffee. https://twitter.com/tullemich/status/806403623769034754 …;1;0;1481099971
dec-06;https://twitter.com/chrbknudsen/status/806415286048063489;Christian Knudsen;@chrbknudsen;Oh #eduroam my old enemy #dst4l;3;0;1481099361
dec-06;https://twitter.com/emmbu07/status/806411972656898048;Emma Burman;@emmbu07;Finally here #DST4L pic.twitter.com/BgTNe6eTPS;0;0;1481098571
dec-06;https://twitter.com/OPL_Tante/status/806408294315204608;OPL-Tante;@OPL_Tante;@tullemich have a nice #dst4l training and a lots of interesting stuff and discuccions;3;0;1481097694
dec-06;https://twitter.com/tullemich/status/806407753749135361;Michael Svendsen;@tullemich;Absolutely amazing that this #dst4l image pops up again in 2016 with a full 3-day schedule http://www.dst4l.info/fullschedule.html …pic.twitter.com/pJcRDniZ0T;4;2;1481097565
dec-06;https://twitter.com/clauersen/status/806406370039889920;Christian Lauersen;@clauersen;@LeScienceLib @melbaek @libcce you might also enjoy this write-up of last years #DST4L session in Cph https://christianlauersen.net/2015/09/21/data-scientist-training-for-librarians-re-skilling-libraries-for-the-future/ …;2;0;1481097235
dec-06;https://twitter.com/libcce/status/806403753360420864;Chris Erdmann;@libcce;Early morning #dst4l setup and @Ksprbgh is ready.pic.twitter.com/AeZVTIFy7T;6;0;1481096611
dec-06;https://twitter.com/tullemich/status/806403623769034754;Michael Svendsen;@tullemich;Cool people @libcce @JEkstroem w. cool name badges about to facilitate cool #dst4l data skills @DTUtweet #datalibspic.twitter.com/3btNtJhWlO;5;0;1481096580
dec-06;https://twitter.com/thomasgpadilla/status/806402511401848833;Thomas Padilla;@thomasgpadilla;Gearing up for #dst4l with @libcce @tullemich!pic.twitter.com/6YEUOKElVi;7;1;1481096315
dec-06;https://twitter.com/fribban/status/806367628755402752;Anneli Friberg;@fribban;Have fun @emmbu07! #dst4l https://twitter.com/clauersen/status/806262225807806464 …;1;0;1481087998
dec-06;https://twitter.com/clauersen/status/806262225807806464;Christian Lauersen;@clauersen;It's gonna be so heavy #dst4l https://twitter.com/parraguezr/status/806144651430338560 …;2;0;1481062868
dec-06;https://twitter.com/clauersen/status/806261496967729153;Christian Lauersen;@clauersen;#DST4L, you're in for a treat tomorrow;4;0;1481062695
dec-06;https://twitter.com/parraguezr/status/806144651430338560;Pedro Parraguez Ruiz;@parraguezr;Very much looking forward to tomorrow´s #DST4L 4 // I still have some very fond memories of 2015´s @DST4Lpic.twitter.com/zbDH2WbwiK;5;0;1481034837
dec-05;https://twitter.com/AULibrarian/status/806069462176829440;AULibrarian/Jesper;@AULibrarian;I morgen begynder det - Yay!! http://www.dst4l.info/  #dst4l #libraryjobs #libraryambition #datamanagement;2;0;1481016910
dec-05;https://twitter.com/clauersen/status/806043958833016832;Christian Lauersen;@clauersen;24 hours till the start of #DST4L. @libcce and @thomasgpadilla got their helmets on #datalibspic.twitter.com/DRX9sUKrdW;3;0;1481010830
